Year,Country,Population
1990,Afghanistan,2729.0
1995,Afghanistan,7893.0
2000,Afghanistan,12580.0
2005,Afghanistan,18617.0
2010,Afghanistan,30840.0
2015,Afghanistan,49550.0
2020,Afghanistan,60879.0
1990,Albania,984.0
1995,Albania,1315.0
2000,Albania,1530.0
2005,Albania,2270.0
2010,Albania,2880.0
2015,Albania,3460.0
2020,Albania,3941.0
1990,Algeria,665.0
1995,Algeria,950.0
2000,Algeria,1170.0
2005,Algeria,1330.0
2010,Algeria,1380.0
2015,Algeria,1600.0
2020,Algeria,1776.0
1990,Samoa,64.0
1995,Samoa,94.0
2000,Samoa,120.0
2005,Samoa,120.0
2010,Samoa,120.0
2015,Samoa,120.0
2020,Samoa,0.0
1990,Andorra,297.0
1995,Andorra,142.0
2000,Andorra,-11.0
2005,Andorra,-29.0
2010,Andorra,-50.0
2015,Andorra,-45.0
2020,Andorra,-39.0
1990,Angola,310.0
1995,Angola,370.0
2000,Angola,420.0
2005,Angola,450.0
2010,Angola,530.0
2015,Angola,560.0
2020,Angola,602.0
1990,Anguilla,0.0
1995,Anguilla,0.0
2000,Anguilla,0.0
2005,Anguilla,0.0
2010,Anguilla,0.0
2015,Anguilla,0.0
2020,Anguilla,0.0
1990,Barbuda,14.0
1995,Barbuda,8.0
2000,Barbuda,24.0
2005,Barbuda,23.0
2010,Barbuda,33.0
2015,Barbuda,53.0
2020,Barbuda,57.0
1990,Argentina,12530.0
1995,Argentina,11941.0
2000,Argentina,11445.0
2005,Argentina,12662.0
2010,Argentina,13456.0
2015,Argentina,15235.0
2020,Argentina,17624.0
1990,Armenia,388.0
1995,Armenia,710.0
2000,Armenia,980.0
2005,Armenia,1110.0
2010,Armenia,1200.0
2015,Armenia,1460.0
2020,Armenia,1658.0
1990,Aruba,26.0
1995,Aruba,28.0
2000,Aruba,60.0
2005,Aruba,50.0
2010,Aruba,60.0
2015,Aruba,70.0
2020,Aruba,75.0
1990,Austria,21606.0
1995,Austria,21618.0
2000,Austria,19917.0
2005,Austria,19127.0
2010,Austria,18038.0
2015,Austria,15803.0
2020,Austria,15869.0
1990,Azerbaijan,99.0
1995,Azerbaijan,128.0
2000,Azerbaijan,190.0
2005,Azerbaijan,300.0
2010,Azerbaijan,420.0
2015,Azerbaijan,650.0
2020,Azerbaijan,753.0
1990,Bahamas,151.0
1995,Bahamas,184.0
2000,Bahamas,205.0
2005,Bahamas,199.0
2010,Bahamas,203.0
2015,Bahamas,227.0
2020,Bahamas,244.0
1990,Bahrain,493.0
1995,Bahrain,650.0
2000,Bahrain,770.0
2005,Bahrain,1080.0
2010,Bahrain,1330.0
2015,Bahrain,1730.0
2020,Bahrain,2055.0
1990,Bangladesh,2315.0
1995,Bangladesh,5562.0
2000,Bangladesh,8490.0
2005,Bangladesh,16128.0
2010,Bangladesh,29550.0
2015,Bangladesh,43090.0
2020,Bangladesh,52907.0
1990,Barbados,277.0
1995,Barbados,319.0
2000,Barbados,341.0
2005,Barbados,355.0
2010,Barbados,407.0
2015,Barbados,426.0
2020,Barbados,460.0
1990,Belar,239.0
1995,Belar,804.0
2000,Belar,1332.0
2005,Belarus,1573.0
2010,Belarus,1814.0
2015,Belarus,2152.0
2020,Belarus,2407.0
1990,Belgium,3939.0
1995,Belgium,4190.0
2000,Belgium,4147.0
2005,Belgium,4517.0
2010,Belgium,5142.0
2015,Belgium,5803.0
2020,Belgium,6469.0
1990,Belize,34.0
1995,Belize,17.0
2000,Belize,50.0
2005,Belize,60.0
2010,Belize,60.0
2015,Belize,80.0
2020,Belize,85.0
1990,Benin,17.0
1995,Benin,13.0
2000,Benin,30.0
2005,Benin,30.0
2010,Benin,80.0
2015,Benin,110.0
2020,Benin,117.0
1990,Bermuda,314.0
1995,Bermuda,348.0
2000,Bermuda,367.0
2005,Bermuda,390.0
2010,Bermuda,418.0
2015,Bermuda,447.0
2020,Bermuda,447.0
1990,Bhutan,13.0
1995,Bhutan,18.0
2000,Bhutan,53.0
2005,Bhutan,109.0
2010,Bhutan,1665.0
2015,Bhutan,5823.0
2020,Bhutan,7910.0
1990,Bolivia,435.0
1995,Bolivia,507.0
2000,Bolivia,546.0
2005,Bolivia,595.0
2010,Bolivia,664.0
2015,Bolivia,821.0
2020,Bolivia,930.0
1990,Saba,0.0
1995,Saba,0.0
2000,Saba,0.0
2005,Saba,0.0
2010,Saba,0.0
2015,Saba,0.0
2020,Saba,0.0
1990,Bosnia and Herzegovina,22312.0
1995,Bosnia and Herzegovina,26278.0
2000,Bosnia and Herzegovina,28650.0
2005,Bosnia and Herzegovina,38394.0
2010,Bosnia and Herzegovina,39730.0
2015,Bosnia and Herzegovina,36750.0
2020,Bosnia and Herzegovina,38485.0
1990,Botswana,33.0
1995,Botswana,302.0
2000,Botswana,556.0
2005,Botswana,745.0
2010,Botswana,782.0
2015,Botswana,953.0
2020,Botswana,1148.0
1990,Brazil,2629.0
1995,Brazil,3588.0
2000,Brazil,4303.0
2005,Brazil,7010.0
2010,Brazil,15965.0
2015,Brazil,26101.0
2020,Brazil,42574.0
1990,British Virgin Islands,-6.0
1995,British Virgin Islands,-11.0
2000,British Virgin Islands,-16.0
2005,British Virgin Islands,-19.0
2010,British Virgin Islands,-21.0
2015,British Virgin Islands,-24.0
2020,British Virgin Islands,-27.0
1990,Brunei,1358.0
1995,Brunei,1539.0
2000,Brunei,1618.0
2005,Brunei,2077.0
2010,Brunei,2536.0
2015,Brunei,2375.0
2020,Brunei,2735.0
1990,Bulgaria,1742.0
1995,Bulgaria,2425.0
2000,Bulgaria,2954.0
2005,Bulgaria,3341.0
2010,Bulgaria,3471.0
2015,Bulgaria,3730.0
2020,Bulgaria,4066.0
1990,Burkina Faso,30.0
1995,Burkina Faso,15.0
2000,Burkina Faso,10.0
2005,Burkina Faso,20.0
2010,Burkina Faso,40.0
2015,Burkina Faso,60.0
2020,Burkina Faso,63.0
1990,Burundi,15.0
1995,Burundi,7.0
2000,Burundi,30.0
2005,Burundi,430.0
2010,Burundi,1860.0
2015,Burundi,2390.0
2020,Burundi,2789.0
1990,Cambodia,20597.0
1995,Cambodia,23168.0
2000,Cambodia,24741.0
2005,Cambodia,27427.0
2010,Cambodia,31591.0
2015,Cambodia,34304.0
2020,Cambodia,38846.0
1990,Cameroon,68.0
1995,Cameroon,55.0
2000,Cameroon,70.0
2005,Cameroon,130.0
2010,Cameroon,270.0
2015,Cameroon,450.0
2020,Cameroon,548.0
1990,Canada,14062.0
1995,Canada,12045.0
2000,Canada,11511.0
2005,Canada,15191.0
2010,Canada,25560.0
2015,Canada,31610.0
2020,Canada,36112.0
1990,Verde,20.0
1995,Cape Verde,10.0
2000,Cape Verde,30.0
2005,Cape Verde,30.0
2010,Cape Verde,30.0
2015,Cape Verde,40.0
2020,Cape Verde,42.0
1990,Caribbean,2634.0
1995,Caribbean,3301.0
2000,Caribbean,3976.0
2005,Caribbean,4360.0
2010,Caribbean,4870.0
2015,Caribbean,5685.0
2020,Caribbean,6184.0
1990,Cayman Islands,-20.0
1995,Cayman Islands,-44.0
2000,Cayman Islands,-57.0
2005,Cayman Islands,-79.0
2010,Cayman Islands,-93.0
2015,Cayman Islands,-57.0
2020,Cayman Islands,-48.0
1990,Central African Republic,-3.0
1995,Central African Republic,-10.0
2000,Central African Republic,-6.0
2005,Central African Republic,-3.0
2010,Central African Republic,7.0
2015,Central African Republic,20.0
2020,Central African Republic,32.0
1990,Chad,15.0
1995,Chad,12.0
2000,Chad,40.0
2005,Chad,40.0
2010,Chad,60.0
2015,Chad,70.0
2020,Chad,63.0
1990,Islands.4,0.0
1995,Islands.4,0.0
2000,Islands.4,0.0
2005,Islands.4,0.0
2010,Islands.4,0.0
2015,Islands.4,0.0
2020,Islands.4,0.0
1990,Chile,29145.0
1995,Chile,27782.0
2000,Chile,26080.0
2005,Chile,26866.0
2010,Chile,28280.0
2015,Chile,30180.0
2020,Chile,34316.0
1990,China,96915.0
1995,China,107232.0
2000,China,143035.0
2005,China,225169.0
2010,China,368529.0
2015,China,505144.0
2020,China,649180.0
1990,Colombia,2106.0
1995,Colombia,3146.0
2000,Colombia,4000.0
2005,Colombia,5810.0
2010,Colombia,12410.0
2015,Colombia,19810.0
2020,Colombia,28338.0
1990,Comoros,0.0
1995,Comoros,0.0
2000,Comoros,0.0
2005,Comoros,0.0
2010,Comoros,0.0
2015,Comoros,0.0
2020,Comoros,0.0
1990,Democratic Republic of the Congo,134.0
1995,Democratic Republic of the Congo,130.0
2000,Democratic Republic of the Congo,130.0
2005,Democratic Republic of the Congo,710.0
2010,Democratic Republic of the Congo,1030.0
2015,Democratic Republic of the Congo,1610.0
2020,Democratic Republic of the Congo,1884.0
1990,Islands.6,2180.0
1995,Islands.6,3442.0
2000,Islands.6,4476.0
2005,Islands.6,5230.0
2010,Islands.6,6294.0
2015,Islands.6,7652.0
2020,Islands.6,8319.0
1990,Costa Rica,163.0
1995,Costa Rica,257.0
2000,Costa Rica,299.0
2005,Costa Rica,346.0
2010,Costa Rica,373.0
2015,Costa Rica,433.0
2020,Costa Rica,501.0
1990,d'Ivoire,0.0
1995,d'Ivoire,0.0
2000,d'Ivoire,0.0
2005,d'Ivoire,0.0
2010,d'Ivoire,0.0
2015,d'Ivoire,0.0
2020,d'Ivoire,0.0
1990,Croatia,47871.0
1995,Croatia,54272.0
2000,Croatia,57457.0
2005,Croatia,68320.0
2010,Croatia,66905.0
2015,Croatia,60225.0
2020,Croatia,62158.0
1990,Cuba,361.0
1995,Cuba,438.0
2000,Cuba,510.0
2005,Cuba,610.0
2010,Cuba,750.0
2015,Cuba,880.0
2020,Cuba,990.0
1990,Curacao,35.0
1995,Curacao,54.0
2000,Curacao,90.0
2005,Curacao,100.0
2010,Curacao,120.0
2015,Curacao,150.0
2020,Curacao,160.0
1990,Cyprus,23295.0
1995,Cyprus,22870.0
2000,Cyprus,21455.0
2005,Cyprus,20410.0
2010,Cyprus,18224.0
2015,Cyprus,17230.0
2020,Cyprus,17923.0
1990,Czechia,17704.0
1995,Czechia,15836.0
2000,Czechia,12997.0
2005,Czechia,13429.0
2010,Czechia,13221.0
2015,Czechia,12689.0
2020,Czechia,13344.0
1990,Democratic Republic of Congo.2,255.0
1995,Democratic Republic of Congo.2,291.0
2000,Democratic Republic of Congo.2,310.0
2005,Democratic Republic of Congo.2,360.0
2010,Democratic Republic of Congo.2,2470.0
2015,Democratic Republic of Congo.2,4270.0
2020,Democratic Republic of Congo.2,5535.0
1990,Denmark,8758.0
1995,Denmark,8696.0
2000,Denmark,8282.0
2005,Denmark,8374.0
2010,Denmark,8150.0
2015,Denmark,7352.0
2020,Denmark,7170.0
1990,Djibouti,34.0
1995,Djibouti,63.0
2000,Djibouti,80.0
2005,Djibouti,120.0
2010,Djibouti,130.0
2015,Djibouti,190.0
2020,Djibouti,214.0
1990,Dominica,3.0
1995,Dominica,-1.0
2000,Dominica,15.0
2005,Dominica,15.0
2010,Dominica,24.0
2015,Dominica,33.0
2020,Dominica,36.0
1990,Dominican Republic.2,-44.0
1995,Dominican Republic.2,-33.0
2000,Dominican Republic.2,-12.0
2005,Dominican Republic.2,50.0
2010,Dominican Republic.2,101.0
2015,Dominican Republic.2,170.0
2020,Dominican Republic.2,194.0
1990,Ecuador,960.0
1995,Ecuador,1176.0
2000,Ecuador,1305.0
2005,Ecuador,1464.0
2010,Ecuador,1644.0
2015,Ecuador,2437.0
2020,Ecuador,2560.0
1990,Egypt,40103.0
1995,Egypt,39483.0
2000,Egypt,37256.0
2005,Egypt,38324.0
2010,Egypt,41389.0
2015,Egypt,44377.0
2020,Egypt,48786.0
1990,Salvador,8741.0
1995,Salvador,10001.0
2000,Salvador,10649.0
2005,Salvador,10725.0
2010,Salvador,10934.0
2015,Salvador,11323.0
2020,Salvador,12283.0
1990,Guinea,0.0
1995,Guinea,0.0
2000,Guinea,0.0
2005,Guinea,0.0
2010,Guinea,0.0
2015,Guinea,0.0
2020,Guinea,0.0
1990,Eritrea,1272.0
1995,Eritrea,1562.0
2000,Eritrea,1780.0
2005,Eritrea,2280.0
2010,Eritrea,3090.0
2015,Eritrea,4660.0
2020,Eritrea,5879.0
1990,Estonia,2731.0
1995,Estonia,2556.0
2000,Estonia,1970.0
2005,Estonia,1660.0
2010,Estonia,2177.0
2015,Estonia,3342.0
2020,Estonia,3666.0
1990,Eswatini,109.0
1995,Eswatini,172.0
2000,Eswatini,224.0
2005,Eswatini,240.0
2010,Eswatini,296.0
2015,Eswatini,335.0
2020,Eswatini,354.0
1990,Ethiopia,1336.0
1995,Ethiopia,2563.0
2000,Ethiopia,3640.0
2005,Ethiopia,6109.0
2010,Ethiopia,8970.0
2015,Ethiopia,13130.0
2020,Ethiopia,15951.0
1990,Faeroe Islands.8,17.0
1995,Faeroe Islands.8,19.0
2000,Faeroe Islands.8,30.0
2005,Faeroe Islands.8,40.0
2010,Faeroe Islands.8,40.0
2015,Faeroe Islands.8,30.0
2020,FFaeroe Islands.8,20.0
1990,Falkland Islands.10,71.0
1995,Falkland Islands.10,103.0
2000,Falkland Islands.10,120.0
2005,Falkland Islands.10,106.0
2010,Falkland Islands.10,92.0
2015,Falkland Islands.10,78.0
2020,Falkland Islands.10,66.0
1990,Fiji,36166.0
1995,Fiji,38939.0
2000,Fiji,45211.0
2005,Fiji,53055.0
2010,Fiji,62128.0
2015,Fiji,70713.0
2020,Fiji,78919.0
1990,Finland,9266.0
1995,Finland,9154.0
2000,Finland,8868.0
2005,Finland,8715.0
2010,Finland,8604.0
2015,Finland,8175.0
2020,Finland,8534.0
1990,France,11602.0
1995,France,12327.0
2000,France,13925.0
2005,France,15711.0
2010,France,20281.0
2015,France,27982.0
2020,France,31921.0
1990,French Guiana,6.0
1995,French Guiana,3.0
2000,French Guiana,10.0
2005,French Guiana,10.0
2010,French Guiana,10.0
2015,French Guiana,20.0
2020,French Guiana,20.0
1990,French Polynesia,173.0
1995,French Polynesia,248.0
2000,French Polynesia,276.0
2005,French Polynesia,313.0
2010,French Polynesia,396.0
2015,French Polynesia,460.0
2020,French Polynesia,520.0
1990,Gabon,20.0
1995,Gabon,10.0
2000,Gabon,20.0
2005,Gabon,30.0
2010,Gabon,30.0
2015,Gabon,50.0
2020,Gabon,63.0
1990,Gambia,18.0
1995,Gambia,9.0
2000,Gambia,30.0
2005,Gambia,80.0
2010,Gambia,100.0
2015,Gambia,130.0
2020,Gambia,138.0
1990,Georgia,17.0
1995,Georgia,168.0
2000,Georgia,290.0
2005,Georgia,400.0
2010,Georgia,490.0
2015,Georgia,620.0
2020,Georgia,720.0
1990,Germany,120247.0
1995,Germany,118256.0
2000,Germany,111573.0
2005,Germany,113451.0
2010,Germany,115071.0
2015,Germany,107617.0
2020,Germany,109407.0
1990,Ghana,977.0
1995,Ghana,1608.0
2000,Ghana,2141.0
2005,Ghana,2793.0
2010,Ghana,4183.0
2015,Ghana,5867.0
2020,Ghana,7157.0
1990,Gibraltar,409.0
1995,Gibraltar,447.0
2000,Gibraltar,480.0
2005,Gibraltar,490.0
2010,Gibraltar,480.0
2015,Gibraltar,490.0
2020,Gibraltar,515.0
1990,Greece,128447.0
1995,Greece,123189.0
2000,Greece,110513.0
2005,Greece,108521.0
2010,Greece,101103.0
2015,Greece,95638.0
2020,Greece,99201.0
1990,Greenland,0.0
1995,Greenland,0.0
2000,Greenland,0.0
2005,Greenland,0.0
2010,Greenland,0.0
2015,Greenland,0.0
2020,Greenland,0.0
1990,Grenada,89.0
1995,Grenada,92.0
2000,Grenada,130.0
2005,Grenada,130.0
2010,Grenada,130.0
2015,Grenada,140.0
2020,Grenada,150.0
1990,Guadeloupe,9.0
1995,Guadeloupe,4.0
2000,Guadeloupe,10.0
2005,Guadeloupe,20.0
2010,Guadeloupe,20.0
2015,Guadeloupe,20.0
2020,Guadeloupe,20.0
1990,Guam,40.0
1995,Guam,36.0
2000,Guam,50.0
2005,Guam,80.0
2010,Guam,100.0
2015,Guam,120.0
2020,Guam,127.0
1990,Guatemala,170.0
1995,Guatemala,230.0
2000,Guatemala,266.0
2005,Guatemala,297.0
2010,Guatemala,349.0
2015,Guatemala,473.0
2020,Guatemala,539.0
1990,Guinea.2,33.0
1995,Guinea.2,17.0
2000,Guinea.2,30.0
2005,Guinea.2,220.0
2010,Guinea.2,660.0
2015,Guinea.2,930.0
2020,Guinea.2,1121.0
1990,Guinea-Bissau,13.0
1995,Guinea-Bissau,11.0
2000,Guinea-Bissau,20.0
2005,Guinea-Bissau,20.0
2010,Guinea-Bissau,20.0
2015,Guinea-Bissau,20.0
2020,Guinea-Bissau,20.0
1990,Guyana,426.0
1995,Guyana,492.0
2000,Guyana,520.0
2005,Guyana,560.0
2010,Guyana,600.0
2015,Guyana,660.0
2020,Guyana,709.0
1990,Haiti,43.0
1995,Haiti,53.0
2000,Haiti,90.0
2005,Haiti,90.0
2010,Haiti,100.0
2015,Haiti,120.0
2020,Haiti,138.0
1990,Honduras,124.0
1995,Honduras,146.0
2000,Honduras,180.0
2005,Honduras,230.0
2010,Honduras,240.0
2015,Honduras,320.0
2020,Honduras,343.0
1990,Hong Kong,51760.0
1995,Hong Kong,61884.0
2000,Hong Kong,67914.0
2005,Hong Kong,71642.0
2010,Hong Kong,76557.0
2015,Hong Kong,85952.0
2020,Hong Kong,97581.0
1990,Hungary,28271.0
1995,Hungary,27942.0
2000,Hungary,25488.0
2005,Hungary,23547.0
2010,Hungary,21908.0
2015,Hungary,20214.0
2020,Hungary,20791.0
1990,Iceland,282.0
1995,Iceland,419.0
2000,Iceland,499.0
2005,Iceland,595.0
2010,Iceland,614.0
2015,Iceland,489.0
2020,Iceland,441.0
1990,India,66812.0
1995,India,76333.0
2000,India,89868.0
2005,India,146090.0
2010,India,325110.0
2015,India,444941.0
2020,India,575431.0
1990,Indonesia,33139.0
1995,Indonesia,41706.0
2000,Indonesia,56722.0
2005,Indonesia,54561.0
2010,Indonesia,61374.0
2015,Indonesia,66156.0
2020,Indonesia,77452.0
1990,Iran,17599.0
1995,Iran,19260.0
2000,Iran,21360.0
2005,Iran,26716.0
2010,Iran,36480.0
2015,Iran,61690.0
2020,Iran,74322.0
1990,Iraq,5202.0
1995,Iraq,16334.0
2000,Iraq,26480.0
2005,Iraq,37094.0
2010,Iraq,51830.0
2015,Iraq,70870.0
2020,Iraq,90780.0
1990,Ireland,51467.0
1995,Ireland,52517.0
2000,Ireland,49313.0
2005,Ireland,49845.0
2010,Ireland,64508.0
2015,Ireland,83929.0
2020,Ireland,86174.0
1990,Isle of Man,608.0
1995,Isle of Man,597.0
2000,Isle of Man,553.0
2005,Isle of Man,502.0
2010,Isle of Man,524.0
2015,Isle of Man,622.0
2020,Isle of Man,810.0
1990,Israel,5654.0
1995,Israel,4923.0
2000,Israel,4749.0
2005,Israel,6067.0
2010,Israel,7533.0
2015,Israel,7974.0
2020,Israel,9496.0
1990,Italy,263036.0
1995,Italy,254051.0
2000,Italy,228814.0
2005,Italy,207976.0
2010,Italy,184563.0
2015,Italy,179197.0
2020,Italy,186385.0
1990,Jamaica,662.0
1995,Jamaica,830.0
2000,Jamaica,930.0
2005,Jamaica,1000.0
2010,Jamaica,1090.0
2015,Jamaica,1290.0
2020,Jamaica,1409.0
1990,Japan,17776.0
1995,Japan,18366.0
2000,Japan,16111.0
2005,Japan,23903.0
2010,Japan,30494.0
2015,Japan,37717.0
2020,Japan,42564.0
1990,Jordan,1987.0
1995,Jordan,2672.0
2000,Jordan,3177.0
2005,Jordan,3932.0
2010,Jordan,4780.0
2015,Jordan,6336.0
2020,Jordan,7761.0
1990,Kazakhstan,297.0
1995,Kazakhstan,353.0
2000,Kazakhstan,380.0
2005,Kazakhstan,670.0
2010,Kazakhstan,1190.0
2015,Kazakhstan,1920.0
2020,Kazakhstan,2304.0
1990,Kenya,4680.0
1995,Kenya,6121.0
2000,Kenya,7190.0
2005,Kenya,10849.0
2010,Kenya,15370.0
2015,Kenya,19720.0
2020,Kenya,24557.0
1990,Kiribati,364.0
1995,Kiribati,387.0
2000,Kiribati,354.0
2005,Kiribati,407.0
2010,Kiribati,529.0
2015,Kiribati,568.0
2020,Kiribati,709.0
1990,Kuwait,919.0
1995,Kuwait,1761.0
2000,Kuwait,2510.0
2005,Kuwait,3120.0
2010,Kuwait,4320.0
2015,Kuwait,6580.0
2020,Kuwait,7754.0
1990,Kyrgyzstan,101.0
1995,Kyrgyzstan,88.0
2000,Kyrgyzstan,100.0
2005,Kyrgyzstan,240.0
2010,Kyrgyzstan,360.0
2015,Kyrgyzstan,490.0
2020,Kyrgyzstan,602.0
1990,Laos,11154.0
1995,Laos,11297.0
2000,Laos,10433.0
2005,Laos,10583.0
2010,Laos,11000.0
2015,Laos,10825.0
2020,Laos,11694.0
1990,Latvia,10099.0
1995,Latvia,9504.0
2000,Latvia,7277.0
2005,Latvia,6178.0
2010,Latvia,5424.0
2015,Latvia,4907.0
2020,Latvia,4961.0
1990,Lebanon,81858.0
1995,Lebanon,79925.0
2000,Lebanon,79070.0
2005,Lebanon,84886.0
2010,Lebanon,89640.0
2015,Lebanon,93290.0
2020,Lebanon,101508.0
1990,Lesotho,43.0
1995,Lesotho,32.0
2000,Lesotho,70.0
2005,Lesotho,90.0
2010,Lesotho,110.0
2015,Lesotho,150.0
2020,Lesotho,160.0
1990,Liberia,63.0
1995,Liberia,83.0
2000,Liberia,110.0
2005,Liberia,1700.0
2010,Liberia,2930.0
2015,Liberia,3520.0
2020,Liberia,3973.0
1990,Libya,-231.0
1995,Libya,374.0
2000,Libya,849.0
2005,Libya,962.0
2010,Libya,1703.0
2015,Libya,2044.0
2020,Libya,2282.0
1990,Liechtenstein,16.0
1995,Liechtenstein,8.0
2000,Liechtenstein,20.0
2005,Liechtenstein,20.0
2010,Liechtenstein,22.0
2015,Liechtenstein,8.0
2020,Liechtenstein,11.0
1990,Lithuania,4796.0
1995,Lithuania,4818.0
2000,Lithuania,3831.0
2005,Lithuania,3267.0
2010,Lithuania,3046.0
2015,Lithuania,3329.0
2020,Lithuania,3765.0
1990,Luxembourg,51.0
1995,Luxembourg,81.0
2000,Luxembourg,83.0
2005,Luxembourg,112.0
2010,Luxembourg,160.0
2015,Luxembourg,174.0
2020,Luxembourg,14.0
1990,Macao,1699.0
1995,Macao,1947.0
2000,Macao,2050.0
2005,Macao,2100.0
2010,Macao,2560.0
2015,Macao,2780.0
2020,Macao,3294.0
1990,Madagascar,137.0
1995,Madagascar,153.0
2000,Madagascar,180.0
2005,Madagascar,220.0
2010,Madagascar,260.0
2015,Madagascar,290.0
2020,Madagascar,343.0
1990,Malawi,360.0
1995,Malawi,468.0
2000,Malawi,540.0
2005,Malawi,760.0
2010,Malawi,1020.0
2015,Malawi,1400.0
2020,Malawi,1658.0
1990,Malaysia,70284.0
1995,Malaysia,78675.0
2000,Malaysia,81661.0
2005,Malaysia,97368.0
2010,Malaysia,125114.0
2015,Malaysia,137609.0
2020,Malaysia,171129.0
1990,Maldives,43.0
1995,Maldives,70.0
2000,Maldives,122.0
2005,Maldives,224.0
2010,Maldives,363.0
2015,Maldives,532.0
2020,Maldives,572.0
1990,Mali,24.0
1995,Mali,12.0
2000,Mali,20.0
2005,Mali,40.0
2010,Mali,60.0
2015,Mali,80.0
2020,Mali,96.0
1990,Malta,53972.0
1995,Malta,53428.0
2000,Malta,48482.0
2005,Malta,47356.0
2010,Malta,45199.0
2015,Malta,38064.0
2020,Malta,32266.0
1990,Marshall Islands.12,26.0
1995,Marshall Islands.12,18.0
2000,Marshall Islands.12,30.0
2005,Marshall Islands.12,40.0
2010,Marshall Islands.12,40.0
2015,Marshall Islands.12,50.0
2020,Marshall Islands.12,52.0
1990,Martinique,20.0
1995,Martinique,20.0
2000,Martinique,40.0
2005,Martinique,30.0
2010,Martinique,40.0
2015,Martinique,40.0
2020,Martinique,42.0
1990,Mauritania,16.0
1995,Mauritania,8.0
2000,Mauritania,20.0
2005,Mauritania,20.0
2010,Mauritania,50.0
2015,Mauritania,60.0
2020,Mauritania,63.0
1990,Mauritius,20215.0
1995,Mauritius,19621.0
2000,Mauritius,18530.0
2005,Mauritius,20307.0
2010,Mauritius,26980.0
2015,Mauritius,28660.0
2020,Mauritius,31947.0
1990,Mayotte,0.0
1995,Mayotte,0.0
2000,Mayotte,0.0
2005,Mayotte,0.0
2010,Mayotte,0.0
2015,Mayotte,0.0
2020,Mayotte,0.0
1990,Mexico,661.0
1995,Mexico,793.0
2000,Mexico,862.0
2005,Mexico,1422.0
2010,Mexico,2965.0
2015,Mexico,4936.0
2020,Mexico,6385.0
1990,Moldova,15.0
1995,Moldova,316.0
2000,Moldova,570.0
2005,Moldova,810.0
2010,Moldova,1000.0
2015,Moldova,1160.0
2020,Moldova,1269.0
1990,Monaco,37.0
1995,Monaco,19.0
2000,Monaco,30.0
2005,Monaco,50.0
2010,Monaco,70.0
2015,Monaco,80.0
2020,Monaco,96.0
1990,Mongolia,33.0
1995,Mongolia,77.0
2000,Mongolia,116.0
2005,Mongolia,149.0
2010,Mongolia,511.0
2015,Mongolia,1547.0
2020,Mongolia,3606.0
1990,Montenegro,1297.0
1995,Montenegro,3419.0
2000,Montenegro,5330.0
2005,Montenegro,4020.0
2010,Montenegro,1758.0
2015,Montenegro,1893.0
2020,Montenegro,2060.0
1990,Montserrat,0.0
1995,Montserrat,0.0
2000,Montserrat,0.0
2005,Montserrat,0.0
2010,Montserrat,0.0
2015,Montserrat,0.0
2020,Montserrat,0.0
1990,Morocco,984.0
1995,Morocco,1212.0
2000,Morocco,1380.0
2005,Morocco,1560.0
2010,Morocco,1800.0
2015,Morocco,2170.0
2020,Morocco,2497.0
1990,Mozambique,386.0
1995,Mozambique,528.0
2000,Mozambique,630.0
2005,Mozambique,770.0
2010,Mozambique,860.0
2015,Mozambique,1010.0
2020,Mozambique,1108.0
1990,Myanmar,9884.0
1995,Myanmar,11346.0
2000,Myanmar,12100.0
2005,Myanmar,13328.0
2010,Myanmar,23260.0
2015,Myanmar,32160.0
2020,Myanmar,38215.0
1990,Namibia,-528.0
1995,Namibia,-364.0
2000,Namibia,-255.0
2005,Namibia,183.0
2010,Namibia,554.0
2015,Namibia,906.0
2020,Namibia,1108.0
1990,Nauru,261.0
1995,Nauru,305.0
2000,Nauru,329.0
2005,Nauru,409.0
2010,Nauru,606.0
2015,Nauru,652.0
2020,Nauru,742.0
1990,Nepal,404.0
1995,Nepal,1238.0
2000,Nepal,2000.0
2005,Nepal,3830.0
2010,Nepal,27200.0
2015,Nepal,50150.0
2020,Nepal,79427.0
1990,Netherlands,97013.0
1995,Netherlands,91868.0
2000,Netherlands,83613.0
2005,Netherlands,81553.0
2010,Netherlands,78533.0
2015,Netherlands,70424.0
2020,Netherlands,71531.0
1990,New Caledonia,964.0
1995,New Caledonia,990.0
2000,New Caledonia,912.0
2005,New Caledonia,943.0
2010,New Caledonia,1123.0
2015,New Caledonia,1302.0
2020,New Caledonia,1482.0
1990,New Zealand,250531.0
1995,New Zealand,257694.0
2000,New Zealand,310316.0
2005,New Zealand,363477.0
2010,New Zealand,454694.0
2015,New Zealand,510269.0
2020,New Zealand,525977.0
1990,Nicaragua,725.0
1995,Nicaragua,785.0
2000,Nicaragua,800.0
2005,Nicaragua,770.0
2010,Nicaragua,820.0
2015,Nicaragua,860.0
2020,Nicaragua,947.0
1990,Niger,15.0
1995,Niger,7.0
2000,Niger,20.0
2005,Niger,10.0
2010,Niger,20.0
2015,Niger,30.0
2020,Niger,42.0
1990,Nigeria,959.0
1995,Nigeria,1431.0
2000,Nigeria,1800.0
2005,Nigeria,2580.0
2010,Nigeria,4640.0
2015,Nigeria,8360.0
2020,Nigeria,12354.0
1990,Niue,232.0
1995,Niue,354.0
2000,Niue,444.0
2005,Niue,561.0
2010,Niue,754.0
2015,Niue,925.0
2020,Niue,1040.0
1990,North Korea,-46.0
1995,North Korea,125.0
2000,North Korea,253.0
2005,North Korea,275.0
2010,North Korea,47.0
2015,North Korea,18.0
2020,North Korea,64.0
1990,Macedonia,40724.0
1995,Macedonia,46518.0
2000,Macedonia,49560.0
2005,Macedonia,51312.0
2010,Macedonia,51470.0
2015,Macedonia,49990.0
2020,Macedonia,53144.0
1990,Islands.14,6.0
1995,Islands.14,3.0
2000,Islands.14,0.0
2005,Islands.14,0.0
2010,Islands.14,0.0
2015,Islands.14,0.0
2020,Islands.14,0.0
1990,Norway,1825.0
1995,Norway,2533.0
2000,Norway,3013.0
2005,Norway,3177.0
2010,Norway,2580.0
2015,Norway,2154.0
2020,Norway,2291.0
1990,Oman,45.0
1995,Oman,188.0
2000,Oman,340.0
2005,Oman,840.0
2010,Oman,1250.0
2015,Oman,1560.0
2020,Oman,2260.0
1990,Pakistan,5949.0
1995,Pakistan,8707.0
2000,Pakistan,10950.0
2005,Pakistan,16808.0
2010,Pakistan,30600.0
2015,Pakistan,62270.0
2020,Pakistan,82497.0
1990,Palau,0.0
1995,Palau,0.0
2000,Palau,0.0
2005,Palau,0.0
2010,Palau,0.0
2015,Palau,0.0
2020,Palau,0.0
1990,Palestine,2753.0
1995,Palestine,3005.0
2000,Palestine,3060.0
2005,Palestine,3260.0
2010,Palestine,3070.0
2015,Palestine,3190.0
2020,Palestine,3424.0
1990,Panama,3.0
1995,Panama,59.0
2000,Panama,92.0
2005,Panama,40.0
2010,Panama,-18.0
2015,Panama,-29.0
2020,Panama,-46.0
1990,Papua New Guinea.4,-13916.0
1995,Papua New Guinea.4,-14258.0
2000,Papua New Guinea.4,-10675.0
2005,Papua New Guinea.4,-10675.0
2010,Papua New Guinea.4,-9056.0
2015,Papua New Guinea.4,-9183.0
2020,Papua New Guinea.4,-9219.0
1990,Paraguay,277.0
1995,Paraguay,343.0
2000,Paraguay,360.0
2005,Paraguay,410.0
2010,Paraguay,450.0
2015,Paraguay,500.0
2020,Paraguay,613.0
1990,Peru,3429.0
1995,Peru,4561.0
2000,Peru,5340.0
2005,Peru,6173.0
2010,Peru,9045.0
2015,Peru,10669.0
2020,Peru,11578.0
1990,Philippines,89637.0
1995,Philippines,102223.0
2000,Philippines,109784.0
2005,Philippines,132618.0
2010,Philippines,179838.0
2015,Philippines,237137.0
2020,Philippines,282054.0
1990,Poland,74091.0
1995,Poland,73881.0
2000,Poland,66249.0
2005,Poland,62496.0
2010,Poland,57998.0
2015,Poland,53634.0
2020,Poland,56096.0
1990,Polynesia.2,14402.0
1995,Polynesia.2,21121.0
2000,Polynesia.2,26443.0
2005,Polynesia.2,31705.0
2010,Polynesia.2,38405.0
2015,Polynesia.2,49361.0
2020,Polynesia.2,56493.0
1990,Portugal,18767.0
1995,Portugal,18200.0
2000,Portugal,16805.0
2005,Portugal,16933.0
2010,Portugal,17409.0
2015,Portugal,17938.0
2020,Portugal,19173.0
1990,Rico,46.0
1995,Rico,85.0
2000,Rico,140.0
2005,Rico,160.0
2010,Rico,150.0
2015,Rico,170.0
2020,Rico,204.0
1990,Qatar,97.0
1995,Qatar,183.0
2000,Qatar,250.0
2005,Qatar,440.0
2010,Qatar,660.0
2015,Qatar,1100.0
2020,Qatar,1507.0
1990,Reunion,51.0
1995,Reunion,52.0
2000,Reunion,90.0
2005,Reunion,140.0
2010,Reunion,210.0
2015,Reunion,220.0
2020,Reunion,268.0
1990,Romania,12224.0
1995,Romania,13109.0
2000,Romania,14095.0
2005,Romania,15616.0
2010,Romania,16602.0
2015,Romania,16997.0
2020,Romania,17936.0
1990,Russia,7604.0
1995,Russia,12228.0
2000,Russia,16101.0
2005,Russia,17485.0
2010,Russia,20247.0
2015,Russia,25217.0
2020,Russia,28713.0
1990,Rwanda,44.0
1995,Rwanda,27.0
2000,Rwanda,50.0
2005,Rwanda,180.0
2010,Rwanda,620.0
2015,Rwanda,980.0
2020,Rwanda,1173.0
1990,Barthlemy,0.0
1995,Barthlemy,0.0
2000,Barthlemy,0.0
2005,Barthlemy,0.0
2010,Barthlemy,0.0
2015,Barthlemy,0.0
2020,Barthlemy,0.0
1990,Helena,31.0
1995,Helena,21.0
2000,Helena,21.0
2005,Helena,21.0
2010,Helena,21.0
2015,Helena,21.0
2020,Helena,20.0
1990,Nevis,17.0
1995,Nevis,19.0
2000,Nevis,19.0
2005,Nevis,19.0
2010,Nevis,19.0
2015,Nevis,19.0
2020,Nevis,18.0
1990,Lucia,9.0
1995,Lucia,4.0
2000,Lucia,0.0
2005,Lucia,0.0
2010,Lucia,0.0
2015,Lucia,1.0
2020,Lucia,2.0
1990,part),0.0
1995,part),0.0
2000,part),0.0
2005,part),0.0
2010,part),0.0
2015,part),0.0
2020,part),0.0
1990,Miquelon,0.0
1995,Miquelon,0.0
2000,Miquelon,0.0
2005,Miquelon,0.0
2010,Miquelon,0.0
2015,Miquelon,0.0
2020,Miquelon,0.0
1990,Grenadines,22.0
1995,Grenadines,47.0
2000,Grenadines,47.0
2005,Grenadines,47.0
2010,Grenadines,47.0
2015,Grenadines,47.0
2020,Grenadines,47.0
1990,Samoa.2,5473.0
1995,Samoa.2,9366.0
2000,Samoa.2,12658.0
2005,Samoa.2,16222.0
2010,Samoa.2,20094.0
2015,Samoa.2,27493.0
2020,Samoa.2,32484.0
1990,Marino,0.0
1995,Marino,0.0
2000,Marino,0.0
2005,Marino,0.0
2010,Marino,0.0
2015,Marino,0.0
2020,Marino,0.0
1990,Principe,0.0
1995,Principe,0.0
2000,Principe,0.0
2005,Principe,0.0
2010,Principe,0.0
2015,Principe,0.0
2020,Principe,0.0
1990,Saudi Arabia,586.0
1995,Saudi Arabia,1090.0
2000,Saudi Arabia,1530.0
2005,Saudi Arabia,2960.0
2010,Saudi Arabia,12600.0
2015,Saudi Arabia,14480.0
2020,Saudi Arabia,15444.0
1990,Senegal,149.0
1995,Senegal,195.0
2000,Senegal,240.0
2005,Senegal,280.0
2010,Senegal,370.0
2015,Senegal,430.0
2020,Senegal,483.0
1990,Serbia,44230.0
1995,Serbia,49135.0
2000,Serbia,51345.0
2005,Serbia,38578.0
2010,Serbia,34479.0
2015,Serbia,33145.0
2020,Serbia,34966.0
1990,Seychelles,2543.0
1995,Seychelles,2738.0
2000,Seychelles,2739.0
2005,Seychelles,2842.0
2010,Seychelles,2924.0
2015,Seychelles,2979.0
2020,Seychelles,3181.0
1990,Sierra Leone,120.0
1995,Sierra Leone,195.0
2000,Sierra Leone,260.0
2005,Sierra Leone,1835.0
2010,Sierra Leone,3320.0
2015,Sierra Leone,3990.0
2020,Sierra Leone,4447.0
1990,Singapore,24238.0
1995,Singapore,26235.0
2000,Singapore,29652.0
2005,Singapore,36597.0
2010,Singapore,44844.0
2015,Singapore,49493.0
2020,Singapore,55761.0
1990,Slovakia,2679.0
1995,Slovakia,4586.0
2000,Slovakia,6184.0
2005,Slovakia,5861.0
2010,Slovakia,5768.0
2015,Slovakia,6432.0
2020,Slovakia,6947.0
1990,Slovenia,7001.0
1995,Slovenia,7965.0
2000,Slovenia,8337.0
2005,Slovenia,8424.0
2010,Slovenia,7987.0
2015,Slovenia,7697.0
2020,Slovenia,8082.0
1990,Solomon Islands.16,692.0
1995,Solomon Islands.16,907.0
2000,Solomon Islands.16,1060.0
2005,Solomon Islands.16,1331.0
2010,Solomon Islands.16,1632.0
2015,Solomon Islands.16,2021.0
2020,Solomon Islands.16,2356.0
1990,Somalia,361.0
1995,Somalia,2113.0
2000,Somalia,3750.0
2005,Somalia,4500.0
2010,Somalia,6190.0
2015,Somalia,8650.0
2020,Somalia,10155.0
1990,South Africa,54485.0
1995,South Africa,57994.0
2000,South Africa,77622.0
2005,South Africa,110148.0
2010,South Africa,149712.0
2015,South Africa,172558.0
2020,South Africa,193919.0
1990,South Korea.2,23420.0
1995,South Korea.2,28151.0
2000,South Korea.2,35032.0
2005,South Korea.2,48987.0
2010,South Korea.2,80134.0
2015,South Korea.2,103008.0
2020,South Korea.2,117792.0
1990,South Sudan,0.0
1995,South Sudan,0.0
2000,South Sudan,0.0
2005,South Sudan,0.0
2010,South Sudan,0.0
2015,South Sudan,7480.0
2020,South Sudan,9510.0
1990,Spain,12739.0
1995,Spain,12298.0
2000,Spain,9899.0
2005,Spain,9688.0
2010,Spain,9296.0
2015,Spain,11354.0
2020,Spain,11341.0
1990,Lanka,46609.0
1995,Sri Lanka,52424.0
2000,Sri Lanka,58060.0
2005,Sri Lanka,70355.0
2010,Sri Lanka,96015.0
2015,Sri Lanka,119231.0
2020,Sri Lanka,138982.0
1990,Sudan,1218.0
1995,Sudan,2734.0
2000,Sudan,4090.0
2005,Sudan,18831.0
2010,Sudan,25440.0
2015,Sudan,19730.0
2020,Sudan,20992.0
1990,Suriname,68.0
1995,Suriname,76.0
2000,Suriname,90.0
2005,Suriname,100.0
2010,Suriname,120.0
2015,Suriname,170.0
2020,Suriname,181.0
1990,Sweden,3934.0
1995,Sweden,4524.0
2000,Sweden,4870.0
2005,Sweden,5920.0
2010,Sweden,6903.0
2015,Sweden,7790.0
2020,Sweden,7564.0
1990,Switzerland,6872.0
1995,Switzerland,7199.0
2000,Switzerland,7951.0
2005,Switzerland,7711.0
2010,Switzerland,8620.0
2015,Switzerland,8287.0
2020,Switzerland,8821.0
1990,Syria,5351.0
1995,Syria,6538.0
2000,Syria,7320.0
2005,Syria,8259.0
2010,Syria,9330.0
2015,Syria,14170.0
2020,Syria,26291.0
1990,Taiwan,0.0
1995,Taiwan,0.0
2000,Taiwan,0.0
2005,Taiwan,0.0
2010,Taiwan,0.0
2015,Taiwan,0.0
2020,Taiwan,0.0
1990,Tajikistan,41.0
1995,Tajikistan,26.0
2000,Tajikistan,50.0
2005,Tajikistan,70.0
2010,Tajikistan,100.0
2015,Tajikistan,160.0
2020,Tajikistan,171.0
1990,United Republic of Tanzania,1422.0
1995,United Republic of Tanzania,1768.0
2000,United Republic of Tanzania,1970.0
2005,United Republic of Tanzania,2300.0
2010,United Republic of Tanzania,3820.0
2015,United Republic of Tanzania,4500.0
2020,United Republic of Tanzania,5061.0
1990,Thailand,15241.0
1995,Thailand,17929.0
2000,Thailand,21445.0
2005,Thailand,30143.0
2010,Thailand,50260.0
2015,Thailand,64995.0
2020,Thailand,80822.0
1990,Timor-Leste,9093.0
1995,Timor-Leste,4453.0
2000,Timor-Leste,-482.0
2005,Timor-Leste,10187.0
2010,Timor-Leste,10037.0
2015,Timor-Leste,9438.0
2020,Timor-Leste,10002.0
1990,Togo,12.0
1995,Togo,6.0
2000,Togo,20.0
2005,Togo,30.0
2010,Togo,280.0
2015,Togo,370.0
2020,Togo,408.0
1990,Tokelau,46.0
1995,Tokelau,175.0
2000,Tokelau,259.0
2005,Tokelau,400.0
2010,Tokelau,537.0
2015,Tokelau,631.0
2020,Tokelau,680.0
1990,Tonga,6163.0
1995,Tonga,7354.0
2000,Tonga,8090.0
2005,Tonga,8719.0
2010,Tonga,10060.0
2015,Tonga,11880.0
2020,Tonga,13236.0
1990,Trinidad and Tobago,920.0
1995,Trinidad and Tobago,1205.0
2000,Trinidad and Tobago,1410.0
2005,Trinidad and Tobago,1560.0
2010,Trinidad and Tobago,1690.0
2015,Trinidad and Tobago,1910.0
2020,Trinidad and Tobago,2013.0
1990,Tunisia,411.0
1995,Tunisia,469.0
2000,Tunisia,500.0
2005,Tunisia,540.0
2010,Tunisia,570.0
2015,Tunisia,660.0
2020,Tunisia,753.0
1990,Turkey,30336.0
1995,Turkey,29901.0
2000,Turkey,31324.0
2005,Turkey,34624.0
2010,Turkey,36892.0
2015,Turkey,36820.0
2020,Turkey,39619.0
1990,Turkmenistan,25.0
1995,Turkmenistan,18.0
2000,Turkmenistan,30.0
2005,Turkmenistan,60.0
2010,Turkmenistan,90.0
2015,Turkmenistan,100.0
2020,Turkmenistan,127.0
1990,Islands.18,0.0
1995,Islands.18,0.0
2000,Islands.18,0.0
2005,Islands.18,0.0
2010,Islands.18,0.0
2015,Islands.18,0.0
2020,Islands.18,0.0
1990,Tuvalu,71.0
1995,Tuvalu,88.0
2000,Tuvalu,120.0
2005,Tuvalu,140.0
2010,Tuvalu,150.0
2015,Tuvalu,200.0
2020,Tuvalu,214.0
1990,Uganda,925.0
1995,Uganda,1218.0
2000,Uganda,1420.0
2005,Uganda,1880.0
2010,Uganda,2860.0
2015,Uganda,3800.0
2020,Uganda,4480.0
1990,Ukraine,12428.0
1995,Ukraine,16704.0
2000,Ukraine,17040.0
2005,Ukraine,16798.0
2010,Ukraine,16360.0
2015,Ukraine,17090.0
2020,Ukraine,18568.0
1990,United Arab Emirates,561.0
1995,United Arab Emirates,1005.0
2000,United Arab Emirates,1390.0
2005,United Arab Emirates,2800.0
2010,United Arab Emirates,5240.0
2015,United Arab Emirates,8090.0
2020,United Arab Emirates,11136.0
1990,United Kingdom,1038777.0
1995,United Kingdom,1012598.0
2000,United Kingdom,1024215.0
2005,United Kingdom,1008761.0
2010,United Kingdom,1061627.0
2015,United Kingdom,1077828.0
2020,United Kingdom,1144914.0
1990,United States of America,11308.0
1995,United States of America,2928.0
2000,United States of America,-2823.0
2005,United States of America,3009.0
2010,United States of America,10641.0
2015,United States of America,15357.0
2020,United States of America,13174.0
1990,Islands.20,0.0
1995,Islands.20,0.0
2000,Islands.20,0.0
2005,Islands.20,0.0
2010,Islands.20,0.0
2015,Islands.20,0.0
2020,Islands.20,0.0
1990,Uruguay,11795.0
1995,Uruguay,11366.0
2000,Uruguay,10570.0
2005,Uruguay,10789.0
2010,Uruguay,10630.0
2015,Uruguay,10580.0
2020,Uruguay,11449.0
1990,Uzbekistan,245.0
1995,Uzbekistan,383.0
2000,Uzbekistan,490.0
2005,Uzbekistan,760.0
2010,Uzbekistan,1300.0
2015,Uzbekistan,1840.0
2020,Uzbekistan,2185.0
1990,Vanuatu,419.0
1995,Vanuatu,560.0
2000,Vanuatu,610.0
2005,Vanuatu,631.0
2010,Vanuatu,688.0
2015,Vanuatu,729.0
2020,Vanuatu,927.0
1990,Vatican,0.0
1995,Vatican,0.0
2000,Vatican,0.0
2005,Vatican,0.0
2010,Vatican,0.0
2015,Vatican,0.0
2020,Vatican,0.0
1990,Venezuela,475.0
1995,Venezuela,786.0
2000,Venezuela,1043.0
2005,Venezuela,1447.0
2010,Venezuela,3209.0
2015,Venezuela,5612.0
2020,Venezuela,7423.0
1990,Vietnam,136902.0
1995,Vietnam,157370.0
2000,Vietnam,163655.0
2005,Vietnam,174375.0
2010,Vietnam,203738.0
2015,Vietnam,235553.0
2020,Vietnam,269775.0
1990,Futuna,0.0
1995,Futuna,0.0
2000,Futuna,0.0
2005,Futuna,0.0
2010,Futuna,0.0
2015,Futuna,0.0
2020,Futuna,0.0
1990,Sahara,0.0
1995,Sahara,0.0
2000,Sahara,0.0
2005,Sahara,0.0
2010,Sahara,0.0
2015,Sahara,0.0
2020,Sahara,0.0
1990,Yemen,221.0
1995,Yemen,314.0
2000,Yemen,390.0
2005,Yemen,520.0
2010,Yemen,590.0
2015,Yemen,710.0
2020,Yemen,903.0
1990,Zambia,2231.0
1995,Zambia,2898.0
2000,Zambia,3367.0
2005,Zambia,4392.0
2010,Zambia,5906.0
2015,Zambia,7078.0
2020,Zambia,7830.0
1990,Zimbabwe,8265.0
1995,Zimbabwe,10498.0
2000,Zimbabwe,12110.0
2005,Zimbabwe,21677.0
2010,Zimbabwe,33710.0
2015,Zimbabwe,40170.0
2020,Zimbabwe,45917.0
